71,00-in-class
84,007
98,02-fantasy
115,04-realistic-fiction
134,1
177,1-star
206,100-books-to-read-in-a-lifetime
236,1001
240,1001-books
248,1001-books-to-read
251,1001-books-to-read-before-you-die
254,1001-books-you-must-read-before-you
286,10th-grade-books
307,12th-century
313,13-25
327,14th-century
341,15th-century
350,16th-century
362,17th-century
371,1800s
392,18th-century
400,1900s
405,1910s
414,1920s
420,1930s
430,1940s
442,1950s
450,1960s
461,1970s
473,1980s
487,1990s
509,19th-century
547,1st-in-series
575,2-stars
603,2000s
609,2003
611,2004
615,2005
617,2006
643,2009-reads
659,2010-reads
667,2011-books
671,2011-reads
686,2012-books
694,2012-read
698,2012-reads
711,2013-books
718,2013-read
722,2013-reads
723,2013-release
724,2013-releases
736,2014-books
747,2014-read
751,2014-reads
752,2014-release
753,2014-releases
766,2015-books
767,2015-books-read
770,2015-challenge
774,2015-favorites
780,2015-read
781,2015-reading-challenge
783,2015-reads
784,2015-release
785,2015-releases
805,2016-books
809,2016-challenge
813,2016-favorites
814,2016-favourites
823,2016-read
829,2016-reading-challenge
831,2016-reads
832,2016-release
833,2016-releases
835,2016-tbr
855,2017-books
863,2017-favorites
888,2017-read
893,2017-reading-challenge
894,2017-reading-list
895,2017-reads
896,2017-release
897,2017-releases
901,2017-tbr
923,20th-century
941,21st-century
1010,3-stars
1039,39-clues
1041,39-clues-series
1053,3rd-robert-langdon-adventure
1076,4-star
1078,4-stars
1086,40-book-challenge
1094,40k
1105,4th-grade
1120,5-star
1128,5-stars
1137,50-books-to-read-before-you-die
1143,50-shades
1144,50-shades-of-grey
1173,5th-grade
1182,6-stars
1204,6th-grade-reading-challenge
1244,8th-grade-books
1248,9-11
1265,9th-grade
1307,a-court-of-thorns-and-roses
1356,a-novel-in-short-stories
1371,a-series-of-unfortunate-events
1372,a-shade-of-vampire
1377,a-song-of-ice-and-fire
1416,abandoned
1434,abbi-glines
1439,abc
1441,abc-books
1444,abduction
1454,abhorsen
1462,abolition
1464,abolitionist
1477,about-writing
1482,abraham-lincoln
1483,abraham-verghese
1489,absolute-favorites
1495,absurdism
1499,abuse
1510,academia
1511,academic
1518,acceptance
1528,achievement
1535,across-the-universe
1540,action
1542,action-adventure
1549,action-packed
1599,addiction
1619,adolescence
1629,adoption
1639,adrian-lara
1641,adriana-trigiani
1642,adult
1645,adult-books
1654,adult-fantasy
1659,adult-fiction
1668,adult-non-fiction
1669,adult-nonfiction
1671,adult-paranormal
1679,adult-romance
1684,adultery
1691,adventure
1743,afghanistan
1746,africa
1750,african
1753,african-american
1759,african-american-history
1761,african-american-lit
1762,african-american-literature
1771,african-fiction
1772,african-history
1773,african-lit
1774,african-literature
1782,after
1790,afterlife
1798,agatha
1800,agatha-christie
1808,agatha-raisin
1828,age-of-sail
1845,agile
1847,aging
1854,agriculture
1877,aids
1920,alabama
1926,alan-bradley
1934,alan-moore
1938,alaska
1943,albert-camus
1951,alcatraz
1953,alchemy
1960,alcoholism
1963,aldous-huxley
1964,aleatha-romig
1977,alex-berenson
1980,alex-craft
1982,alex-cross
1988,alex-cross-series
1990,alex-delaware
1993,alex-flinn
1996,alex-kava
2001,alex-rider
2012,alexander-mccall-smith
2015,alexandra-adornetto
2017,alexandra-bracken
2023,alexandre-dumas
2030,algeria
2035,alice
2038,alice-clayton
2039,alice-hoffman
2042,alice-in-wonderland
2046,alice-sebold
2048,alien
2052,alien-invasion
2056,aliens
2088,all-souls-trilogy
2100,all-time-faves
2104,all-time-favorites
2106,all-time-favourites
2113,allegory
2126,ally-carter
2127,ally-condie
2132,alpha
2133,alpha-and-omega
2136,alpha-male
2138,alpha-males
2141,alpha-omega
2142,alphabet
2144,alphabet-books
2158,already-read
2166,alt-history
2173,alternate-history
2176,alternate-universe
2186,alternative-history
2200,alyson-noel
2204,alzheimer-s
2206,alzheimers
2210,amanda-hocking
2218,amazing
2223,amazon
2265,amelia-peabody
2271,america
2277,american
2284,american-civil-war
2287,american-classics
2297,american-girl
2305,american-history
2312,american-lit
2313,american-literature
2323,american-revolution
2326,american-south
2332,american-west
2335,americana
2345,amish
2359,amnesia
2372,amsterdam
2373,amulet
2387,amy-plum
2389,amy-tan
2411,anarchism
2424,ancient
2425,ancient-classics
2427,ancient-egypt
2429,ancient-greece
2431,ancient-greek
2435,ancient-history
2436,ancient-israel
2438,ancient-literature
2441,ancient-mystery
2445,ancient-rome
2469,andrea-cremer
2474,andrew-clements
2487,androids
2496,andy-weir
2499,angel
2511,angelfire
2516,angels
2517,angels-and-demons
2519,angels-demons
2521,angels-of-the-dark
2526,angie-sage
2531,anglo-saxon
2538,angst
2541,angsty
2545,animal
2556,animal-fiction
2557,animal-human-bond
2568,animal-rights
2573,animal-stories
2580,animals
2593,anime
2600,anita
2602,anita-blake
2603,anita-blake-series
2604,anita-blake-vampire-hunter
2608,anita-shreve
2612,ann-brashares
2621,ann-patchett
2623,ann-rule
2625,anna
2629,anna-godbersen
2643,anne-bishop
2644,anne-boleyn
2648,anne-frank
2651,anne-mccaffrey
2657,anne-of-green-gables
2660,anne-rice
2666,anne-tyler
2681,anorexia
2686,antarctica
2687,anthologies
2690,anthology
2695,anthony-burgess
2697,anthony-horowitz
2705,anthropology
2707,anthropomorphism
2713,anti-hero
2718,anti-semitism
2732,antiquity
2759,ap-lit
2766,apocalypse
2768,apocalyptic
2779,apologetics
2786,appalachia
2788,appalachian
2791,appalachian-trail
2798,apple
2805,april
2808,april-2013
2813,aprilynne-pike
2828,arabic
2852,arc
2858,archaeology
2867,architecture
2875,arcs
2885,argeneau
2887,argeneau-series
2891,argentina
2907,arkansas
2928,around-the-world
2932,arranged-marriage
2938,art
2982,art-books
3016,art-fiction
3027,art-history
3104,art-theft
3127,artemis-fowl
3133,arthur-c-clarke
3135,arthur-conan-doyle
3138,arthur-miller
3140,arthurian
3142,arthurian-legend
3147,arthuriana
3153,artificial-intelligence
3169,arts
3191,arundhati-roy
3216,asia
3218,asian
3219,asian-american
3231,asian-lit
3232,asian-literature
3236,asimov
3245,asoiaf
3248,asperger-s
3249,asperger-s-syndrome
3251,aspergers
3259,assassin
3265,assassins
3271,assigned-reading
3273,assisted-suicide
3288,astronomy
3291,astrophysics
3292,astérix
3293,asylum
3308,atheism
3318,athlete
3319,athletes
3336,attack-on-titan
3348,atwood
3353,aubrey-maturin
3358,audible
3371,audio
3377,audio-book
3379,audio-books
3389,audiobook
3392,audiobooks
3400,audrey-niffenegger
3419,august-2016
3426,augusten-burroughs
3433,aurora-rose-reynolds
3434,aurora-teagarden
3437,auschwitz
3438,aussie
3445,austen
3448,austen-inspired
3453,austenesque
3461,australia
3465,australian
3482,austrian
3586,autism
3596,auto-biography
3600,auto-racing
3605,autobiographical
3608,autobiographies
3611,autobiography
3616,autobiography-memoir
3646,avalon
3649,avatar
3659,aviation
3676,award-winner
3677,award-winners
3687,awesome
3704,ayn-rand
3739,baby
3742,baby-books
3774,backpacking
3783,bad-boy
3786,bad-boys
3829,baldacci
3833,baldacci-david
3843,balkans
3846,ballet
3870,bangladesh
3883,banned
3885,banned-books
3898,barack-obama
3903,barbara-delinsky
3906,barbara-kingsolver
3909,barbara-taylor-bradford
3911,barcelona
3917,bared-to-you
3946,barsoom
3952,bartimaeus
3956,baseball
3975,basketball
3987,batman
3999,bats
4021,bbc-big-read
4037,bbc-top-100
4044,bd
4052,bdb
4055,bdsm
4076,beach-reads
4086,bears
4088,beat
4090,beat-generation
4096,beatles
4102,beatrix-potter
4104,beats
4107,beautiful
4108,beautiful-bastard
4111,beautiful-cover
4112,beautiful-covers
4113,beautiful-creatures
4115,beautiful-disaster
4126,beauty-and-the-beast
4136,becca-fitzpatrick
4149,bedtime
4157,bees
4197,behavior
4199,behavioral
4200,behavioral-economics
4223,belgariad
4235,bella-andre
4237,bella-forrest
4297,bernard-cornwell
4298,bernhard-schlink
4317,best-books-ever
4357,best-of-2016
4380,bestsellers
4387,beth-revis
4411,beverly-cleary
4427,bible
4441,bibles
4460,bibliophilia
4491,big-nate
4503,biker
4507,biker-romance
4508,bikers
4514,bildungsroman
4522,bill-bryson
4532,bill-o-reilly
4542,billionaire
4561,bio
4568,bio-memoir
4576,bioethics
4580,biografie
4587,biographical
4588,biographical-fiction
4594,biographies
4596,biographies-and-memoirs
4600,biographies-memoirs
4605,biography
4607,biography-and-memoir
4611,biography-autobiography
4615,biography-memoir
4631,biology
4633,biopunk
4634,bios
4642,bipolar
4647,birds
4653,birth-defects
4670,biz
4687,black-bird
4690,black-butler
4695,black-dagger
4696,black-dagger-brotherhood
4697,black-dagger-brotherhood-series
4716,black-library
4755,bleach
4765,blindness
4780,blood-of-eden
4786,bloodlines
4787,bloodlines-series
4799,blue-bloods
4800,blue-bloods-series
4828,board-book
4829,board-books
4834,boarding-school
4862,body-image
4863,body-language
4895,bond
4901,bone
4908,bones
4942,book-boyfriend
4944,book-boyfriends
4949,book-club
4958,book-club-book
4959,book-club-books
4961,book-club-ideas
4965,book-club-picks
4967,book-club-read
4968,book-club-reads
4970,book-club-selection
4971,book-club-selections
4985,book-group
5005,book-of-the-month
5006,book-of-the-month-club
5025,book-series
5036,book-to-movie
5051,bookclub
5058,booker
5066,booker-prize
5067,booker-prize-2011
5073,booker-prize-winners
5090,books
5092,books-1-12
5094,books-13-25
5105,books-about-books
5113,books-about-writing
5153,books-for-school
5158,books-from-childhood
5161,books-from-my-childhood
5180,books-i-have
5207,books-i-own
5231,books-i-read-as-a-kid
5233,books-i-read-for-school
5295,books-made-into-movies
5312,books-on-books
5328,books-on-writing
5332,books-owned
5341,books-read-2016
5357,books-read-in-2012
5358,books-read-in-2013
5359,books-read-in-2014
5360,books-read-in-2015
5361,books-read-in-2016
5362,books-read-in-2017
5385,books-that-made-me-cry
5393,books-to-buy
5404,books-to-movies
5444,bookshelf
5453,bookstores
5473,boring
5481,borrowed
5493,bosch
5495,bosnia
5500,boston
5504,botany
5506,botm
5509,botswana
5510,bought
5521,bounty-hunter
5526,bourne
5567,boxcar-children
5583,boys
5595,brad-thor
5601,bradbury
5606,brain
5612,brain-injury
5630,bram-stoker
5635,brandon-mull
5636,brandon-sanderson
5655,brazil
5656,brazilian
5662,brazilian-rainforest
5669,breaking-dawn
5676,breathless
5680,bree-despain
5688,brent-weeks
5692,bret-easton-ellis
5702,brian-jacques
5717,bride-quartet
5731,briggs
5733,briggs-patricia
5746,brit-lit
5747,britain
5751,british
5765,british-fiction
5768,british-history
5775,british-lit
5776,british-literature
5779,british-mystery
5807,bronte
5808,bronte-sisters
5816,brooklyn
5838,brown
5842,brown-dan
5858,bryson
5870,buddhism
5891,buffy
5894,buffy-the-vampire-slayer
5896,bugs
5905,bukowski
5918,bullying
5931,burma
5951,business
5963,business-books
5971,business-economics
5990,business-management
6019,butcher
6020,butcher-jim
6050,c-c-hunter
6057,c-j-box
6070,c-s-lewis
6098,caldecott
6105,caldecott-honor
6109,caldecott-medal
6112,caldecott-winner
6113,caldecott-winners
6118,caleb-carr
6131,california
6135,calvin-and-hobbes
6140,cambodia
6143,camel-club
6148,camilla-lackberg
6152,camp-half-blood
6162,camus
6178,canada
6179,canada-reads
6184,canadian
6186,canadian-authors
6189,canadian-lit
6190,canadian-literature
6200,cancer
6216,canlit
6235,capitalism
6242,captain-underpants
6246,captive
6249,captivity
6257,card
6262,career
6274,caribbean
6280,carl-hiaasen
6283,carl-sagan
6288,carlos-ruiz-zafon
6316,carpathians
6331,carrie-jones
6332,carrie-ryan
6333,carrie-vaughn
6347,cartoons
6362,cassandra-clare
6364,cassandra-palmer
6383,caster-chronicles
6386,castle
6416,cathedrals
6419,catherine-coulter
6432,catholic
6443,cats
6454,cause-and-effect
6471,cecelia-ahern
6478,cedar-cove
6487,celebrity
6500,cell-culture
6528,cerebral-palsy
6578,change
6583,channel-islands
6591,chaos-walking
6596,chapter-book
6597,chapter-books
6614,charlaine-harris
6622,charles-dickens
6634,charleston
6636,charley-davidson
6637,charley-davidson-series
6639,charlie-bone
6650,charlotte-bronte
6656,chasing-vermeer
6663,cheating
6665,chechnya
6685,chelsea-cain
6687,chelsea-handler
6692,chemistry
6696,cherise-sinclair
6699,cherrie-lynn
6701,cherub
6709,chess
6715,chetan-bhagat
6721,chevy-stevens
6729,chic-lit
6732,chicago
6737,chicago-worlds-fair
6740,chicagoland-vampires
6745,chick
6750,chick-lit
6763,chicken-soup
6766,chicklit
6784,child
6786,child-abuse
6798,child-development
6804,child-lee
6808,child-narrator
6818,child-soldiers
6828,childhood
6829,childhood-books
6836,childhood-faves
6837,childhood-favorite
6838,childhood-favorites
6840,childhood-favourites
6841,childhood-favs
6843,childhood-memories
6847,childhood-reads
6857,children
6866,children-books
6888,children-s
6891,children-s-book
6895,children-s-books
6905,children-s-classics
6909,children-s-fiction
6914,children-s-lit
6920,children-s-literature
6931,children-s-picture-books
6932,children-s-poetry
6948,children-ya
6949,children-young-adult
6953,childrens
6959,childrens-book
6960,childrens-books
6969,childrens-classics
6973,childrens-fiction
6976,childrens-lit
6977,childrens-literature
6984,childrens-picture-books
6995,childrensbooks
6999,chile
7009,china
7016,chinese
7017,chinese-american
7023,chinese-culture
7027,chinese-literature
7034,chinua-achebe
7037,chloe-neill
7077,christian
7094,christian-books
7116,christian-fiction
7141,christian-life
7145,christian-living
7154,christian-non-fiction
7156,christian-nonfiction
7171,christian-romance
7186,christian-theology
7203,christianity
7213,christie
7216,christina-lauren
7219,christine-feehan
7224,christmas
7228,christmas-books
7242,christmas-reads
7255,christopher-moore
7256,christopher-paolini
7258,christopher-pike
7265,chronicles-of-narnia
7266,chronicles-of-nick
7276,chuck-palahniuk
7279,church
7282,church-books
7289,church-history
7307,ciencia-ficcion
7308,ciencia-ficción
7313,cinderella
7327,circus
7329,cirque-du-freak
7341,civil-rights
7343,civil-war
7371,clancy
7404,classic
7417,classic-fiction
7422,classic-lit
7423,classic-literature
7433,classic-sci-fi
7438,classical
7446,classical-literature
7448,classical-studies
7451,classici
7457,classics
7472,classics-read
7478,classics-to-read
7484,classroom-library
7487,claudia-gray
7494,clean-romance
7511,cliffhanger
7524,climate-change
7526,climbing
7540,clive-barker
7541,clive-cussler
7549,cloning
7563,clàssics
7565,clásicos
7579,coal-mining
7580,coben
7582,coben-harlan
7602,codex-alera
7604,coding
7606,coelho
7623,cognitive-science
7631,cold-war
7664,colleen-hoover
7665,colleen-houck
7666,colleen-mccullough
7668,college
7677,college-romance
7686,colombia
7687,colombian
7691,colonial-america
7693,colonialism
7701,colorado
7704,colors
7725,comedy
7739,comic
7743,comic-book
7746,comic-books
7756,comic-fantasy
7760,comic-graphic-novel
7770,comic-strips
7778,comics
7784,comics-and-graphic-novels
7806,comics-graphic-novels
7824,comics-manga
7836,comics-read
7843,comics-to-read
7852,coming-of-age
7857,coming-soon
7858,comix
7879,communication
7884,communism
7924,completed-series
7935,computer
7939,computer-hacker
7944,computer-science
7946,computers
7981,congo
7987,conn-iggulden
7992,connelly
7995,connelly-michael
8020,conspiracy
8055,contemporary
8066,contemporary-fantasy
8067,contemporary-fiction
8075,contemporary-realistic-fiction
8076,contemporary-romance
8084,contemporary-ya
8087,contempor​ary
8104,controversial
8116,cook-books
8130,cookbook
8150,cookbooks
8204,cookery
8209,cooking
8276,cora-carmack
8292,cormac-mccarthy
8293,cormoran-strike
8294,cormoran-strike-series
8295,cornelia-funke
8299,cornwell
8304,cornwell-patricia
8324,cosmere
8327,cosmology
8337,cotton-malone
8344,could-not-finish
8346,couldn-t-finish
8352,coulter-catherine
8354,counseling
8369,counting
8395,courtney-milan
8397,courtroom-drama
8406,covenant
8408,cover-love
8420,cowboy
8421,cowboys
8427,cozy
8428,cozy-mysteries
8429,cozy-mystery
8433,craft
8445,craig-johnson
8452,crank
8490,creative-writing
8491,creativity
8507,creepy
8513,crichton
8514,crichton-michael
8517,crime
8518,crime-and-mystery
8527,crime-fiction
8533,crime-mystery
8535,crime-mystery-thriller
8545,crime-thriller
8555,criminal-justice
8571,critical-theory
8573,criticism
8580,croatia
8594,crossfire
8595,crossfire-series
8617,cryptography
8623,cs
8624,cs-lewis
8630,cuba
8636,culinary
8654,cults
8656,cultural
8671,cultural-identity
8683,culture
8706,current-events
8717,currently-reading
8728,cussler
8740,cute
8751,cyber-punk
8755,cyberpunk
8759,cycling
8762,cynthia-hand
8768,czech
8774,czech-literature
8775,czech-republic
8778,còmic
8779,còmics
8780,cómic
8782,cómics
8784,cómics-graphic-novels
8850,dale-brown
8862,dan
8865,dan-brown
8868,dan-simmons
8870,dance
8877,daniel-defoe
8883,daniel-silva
8890,daniel-x
8896,danielle-steel
8907,danish
8913,dante
8916,daphne-du-maurier
8922,dark
8937,dark-erotica
8938,dark-fantasy
8941,dark-horse
8943,dark-humor
8945,dark-hunter
8946,dark-hunter-series
8948,dark-hunters
8951,dark-reads
8952,dark-romance
8954,dark-series
8955,dark-swan
8957,dark-tower
8963,dark-tower-series
8967,darkest-powers
8968,darkest-powers-series
8970,darkness-rising
8975,darren-shan
8984,darynda-jones
8988,data
8989,data-science
8997,daughter-of-smoke-and-bone
9012,dave-pelzer
9022,david-baldacci
9037,david-eddings
9040,david-foster-wallace
9043,david-gemmell
9049,david-levithan
9051,david-mccullough
9052,david-mitchell
9053,david-nicholls
9057,david-sedaris
9076,day-sylvia
9077,days-of-the-week
9080,dc
9084,dc-comics
9124,dean-koontz
9145,dear-john
9147,death
9148,death-and-dying
9156,death-note
9159,death-penalty
9163,deaver
9172,debbie-macomber
9180,deborah-harkness
9196,deception
9198,decision
9199,decision-making
9206,dee-henderson
9221,default
9252,delirium
9253,delirium-series
9255,dementia
9258,demigods
9259,demille
9263,demon
9264,demon-cycle
9273,demonica
9275,demonica-series
9277,demons
9286,denmark
9288,dennis-lehane
9297,depression
9298,depression-era
9303,derek-landy
9318,design
9336,detective
9343,detective-fiction
9360,detectives
9366,detroit
9367,deutsch
9375,development
9382,devops
9385,devotional
9389,devotionals
9400,dexter
9403,dfw
9420,diana-gabaldon
9422,diana-wynne-jones
9424,diane-chamberlain
9427,diane-setterfield
9429,diaries
9432,diary
9444,diary-of-a-wimpy-kid
9468,dickens
9477,did-not-finish
9484,didn-t-finish
9493,diet
9519,dinosaurs
9527,dirk-pitt
9537,disabilities
9538,disability
9545,disappointing
9556,discipleship
9565,discworld
9573,disease
9580,disney
9597,distopia
9598,distopian
9600,distopía
9602,disturbing
9603,divergent
9604,divergent-series
9606,diverse
9608,diverse-books
9610,diverse-reads
9611,diversity
9614,diversity-bingo-2017
9638,dnf
9663,doctors
9672,dog
9673,dog-books
9684,dogs
9703,domestic-violence
9707,dominican
9708,dominican-republic
9738,done
9743,donna-leon
9745,donna-tartt
9766,dork
9769,dork-diaries
9784,dorothea-benton-frank
9789,dorothy-must-die
9794,dostoevsky
9796,dostoyevsky
9801,douglas-adams
9841,dr-seuss
9844,dr-suess
9845,dracula
9848,dragon
9853,dragon-kin
9866,dragonlance
9882,dragons
9886,drama
9904,drawing
9914,dream-catcher
9916,dream-hunter
9922,dreams
9927,dresden
9928,dresden-files
9943,drizzt
9949,dropped
9953,drug-abuse
9959,drugs
9964,druids
9976,dual-pov
9982,dublin-murder-squad
10007,dune
10015,dungeons-and-dragons
10017,duology
10031,dutch
10034,dutch-literature
10053,dysfunctional-families
10054,dysfunctional-family
10058,dyslexia
10059,dystopia
10063,dystopia-utopia
10064,dystopian
10067,dystopian-fiction
10071,dystopian-novels
10074,dystopian-post-apocalyptic
10077,dystopian-society
10081,dystopias
10084,dystopìa
10092,e-b-white
10093,e-book
10094,e-books
10108,e-l-james
10129,early-childhood
10152,earthsea
10164,eastern-europe
10169,eastern-philosophy
10182,easy-reader
10192,eating-disorder
10193,eating-disorders
10196,ebola
10197,ebook
10210,ebooks
10226,eclipse-novella
10233,ecology
10236,econ
10245,economics
10256,economy
10270,eddings
10273,edelweiss
10276,edgar-allan-poe
10280,edgar-rice-burroughs
10290,edith-wharton
10296,edrd-314
10304,education
10316,educational
10329,edward-tulane
10342,egypt
10349,egyptian-mythology
10366,el-james
10371,elder-races
10389,elemental-assassin
10397,elementary
10404,elementary-school
10411,elephants
10418,elie-wiesel
10425,elin-hilderbrand
10437,elizabeth-chandler
10441,elizabeth-gaskell
10442,elizabeth-george
10444,elizabeth-gilbert
10450,elizabeth-kostova
10453,elizabeth-peters
10465,elle-kennedy
10468,ellen-hopkins
10471,ellen-schreiber
10483,eloisa-james
10491,elves
10516,emily-bronte
10518,emily-giffin
10521,emily-snow
10526,emma-chase
10527,emma-donoghue
10539,emotional
10549,emotions
10592,end-of-the-world
10600,ender
10611,enderverse
10615,enemies-to-lovers
10639,engl-420
10641,england
10644,english
10646,english-420
10651,english-class
10653,english-classics
10656,english-language
10657,english-lit
10658,english-literature
10671,enid-blyton
10698,entrepreneur
10700,entrepreneurship
10708,environment
10711,environmental
10720,environmentalism
10725,eoin-colfer
10726,eon
10729,epic
10731,epic-fantasy
10740,epic-poetry
10743,epics
10753,epistolary
10774,eragon
10782,eric-carle
10798,erik-larson
10802,erin-hunter
10813,ernest-hemingway
10817,erotic
10824,erotic-romance
10825,erotica
10835,erótica
10859,espanol
10862,español
10866,espionage
10886,essay
10891,essays
10916,ethics
10917,ethiopia
10932,europe
10934,european
10937,european-history
10939,european-literature
10951,evanovich
10954,evanovich-janet
10961,eve
10963,eve-dallas
10964,eve-duncan
10979,evermore
10980,everneath
10982,evernight
10997,evolution
11032,existential
11035,existentialism
11043,expanse
11055,experimental
11061,exploration
11097,f-scott-fitzgerald
11106,fable
11107,fablehaven
11109,fables
11124,fae
11128,faerie
11130,faeries
11133,faery
11136,fairies
11141,fairy
11146,fairy-tail
11148,fairy-tale
11150,fairy-tale-retelling
11151,fairy-tale-retellings
11152,fairy-tales
11156,fairy-tales-retold
11159,fairytale
11160,fairytale-retelling
11161,fairytale-retellings
11162,fairytales
11166,faith
11177,faith-hunter
11200,fallen
11202,fallen-angels
11207,fallen-series
11211,falling-kingdoms
11219,families
11221,family
11231,family-history
11243,family-relationships
11247,family-saga
11256,famous
11258,famous-five
11266,fan-fiction
11274,fanfiction
11278,fannie-flagg
11287,fantascienza
11290,fantasia
11305,fantasy
11314,fantasy-and-sci-fi
11336,fantasy-epic
11340,fantasy-fiction
11366,fantasy-paranormal
11369,fantasy-romance
11370,fantasy-sci-fi
11372,fantasy-science-fiction
11376,fantasy-scifi
11378,fantasy-series
11386,fantasy-to-read
11388,fantasy-urban
11396,fantasía
11409,farm
11415,farming
11418,farseer
11419,farseer-trilogy
11425,fashion
11462,faulkner
11491,faves
11497,favorite
11503,favorite-authors
11505,favorite-books
11513,favorite-children-s-books
11524,favorite-fantasy
11550,favorite-series
11557,favorites
11570,favoritos
11574,favourite
11579,favourite-books
11589,favourite-series
11590,favourites
11594,favourİtes
11595,favs
11617,february
11626,feehan
11629,feehan-christine
11632,feelings
11634,feist
11643,female-author
11644,female-authors
11658,female-protagonist
11665,feminism
11671,feminismo
11673,feminist
11706,fever
11708,fever-series
11709,fey
11710,feynman
11743,fiction
11765,fiction-classics
11773,fiction-fantasy
11776,fiction-general
11780,fiction-historical
11784,fiction-horror
11798,fiction-literature
11834,fiction-to-read
11852,fictionalized-memoir
11864,fifty
11865,fifty-shades
11866,fifty-shades-of-grey
11867,fifty-shades-series
11868,fifty-shades-trilogy
11871,fighter
11875,fighters
11906,film
11928,filosofia
11930,filosofía
11937,finance
11948,finances
11949,financial
11978,finished
11988,finished-series
12001,fire-and-thorns
12011,firelight
12024,first-day-of-school
12034,first-in-a-series
12035,first-in-series
12048,first-reads
12061,fish
12065,fishing
12068,fitness
12075,fitzgerald
12082,five-stars
12107,flavia-de-luce
12116,flintlock-fantasy
12117,flipped
12123,florida
12135,fluff
12145,flynn
12147,flynn-vince
12161,folklore
12167,follett
12169,follett-ken
12175,food
12182,food-and-cooking
12186,food-and-drink
12200,food-books
12208,food-cooking
12228,food-history
12239,food-politics
12243,food-related
12252,food-writing
12255,foodie
12281,football
12290,for-class
12294,for-fun
12296,for-kids
12315,for-school
12323,for-the-kids
12332,forbidden
12334,forbidden-love
12366,forensics
12383,forgotten-realms
12411,fossils
12413,foster-care
12414,foster-children
12423,foundation
12424,foundation-series
12451,francais
12452,france
12457,frances-hodgson-burnett
12465,francine-rivers
12479,frank-herbert
12481,frank-lloyd-wright
12482,frank-mccourt
12484,frank-peretti
12499,franz-kafka
12503,français
12517,frederick-forsyth
12522,free
12542,freebie
12543,freebies
12550,freemasons
12553,french
12556,french-books
12557,french-classics
12564,french-history
12567,french-lit
12568,french-literature
12574,french-resistance-movement
12575,french-revolution
12598,friends-to-lovers
12600,friendship
12604,frindle
12633,frost-jeaniene
12640,fruits-basket
12661,fumetti
12663,fun
12675,fundamentalism
12680,funny
12681,funny-as-hell
12690,funny-romance
12700,future
12709,futuristic
12719,fyodor-dostoyevsky
12725,g-a-aiken
12758,gabaldon
12759,gabaldon-diana
12764,gabriel-allon
12767,gabriel-garcia-marquez
12781,gail-carriger
12782,gail-carson-levine
12783,gail-mchugh
12785,gaiman
12791,gallagher-girls
12811,game-of-thrones
12819,gaming
12822,gangs
12832,gardening
12836,gardner-lisa
12837,gargoyles
12840,garth-nix
12850,gary-paulsen
12868,gave-up
12869,gave-up-on
12874,gay
12886,gayle-forman
12905,geisha
12913,gemma-doyle
12922,gena-showalter
12923,gender
12932,gender-studies
12940,general
12948,general-fiction
12979,genetics
12986,genocide
13005,genre-fantasy
13046,gentleman-bastard
13053,geography
13054,geology
13060,george-eliot
13068,george-orwell
13070,george-r-r-martin
13072,george-rr-martin
13078,georgette-heyer
13079,georgia
13081,georgia-cates
13087,georgina-kincaid
13098,german
13108,german-lit
13109,german-literature
13110,german-occupation
13116,germany
13117,gerritsen
13119,gerritsen-tess
13137,ghana
13141,ghost
13145,ghost-stories
13146,ghost-story
13150,ghosts
13157,gialli
13162,giants
13199,gillian-flynn
13207,gilmore-girls
13227,girl-power
13240,girly
13254,giveaways
13270,glbt
13272,glbtq
13287,globalization
13310,god
13315,goddess-test
13320,gods
13321,gods-and-goddesses
13351,gone
13353,gone-girl
13355,gone-series
13356,gone-with-the-wind
13361,gonzo
13366,good-books
13419,goosebumps
13428,gorilla
13438,gossip-girl
13446,gothic
13449,gothic-fiction
13450,gothic-horror
13455,gothic-romance
13458,government
13476,graceling
13477,graceling-realm
13504,grafton
13506,grafton-sue
13507,graham-greene
13514,grammar
13524,grant-county
13528,graphic
13535,graphic-design
13547,graphic-novel
13550,graphic-novel-comic
13552,graphic-novel-comics
13561,graphic-novels
13564,graphic-novels-and-comics
13567,graphic-novels-comic-books
13568,graphic-novels-comics
13575,graphic-novels-manga
13596,graphicnovel
13597,graphicnovels
13613,great-books
13619,great-depression
13643,greece
13646,greek
13654,greek-literature
13656,greek-mythology
13681,greg-iles
13693,gregory-maguire
13703,grief
13710,grim-reaper
13711,grimdark
13720,grisham
13723,grisham-john
13744,growth
13754,gtd
13765,guardians-of-ga-hoole
13771,guernsey
13787,guild-hunter
13788,guild-hunter-series
13792,guilty-pleasure
13794,guilty-pleasures
13825,h-g-wells
13827,h-m-ward
13840,habits
13843,hackers
13845,haddix
13856,haiti
13873,halloween
13881,halo
13892,hamlet
13917,hannibal
13918,hannibal-lecter
13922,happiness
13936,hard-boiled
13938,hard-case-crime
13947,hard-luck
13957,hardboiled
13962,hardcover
13965,hardy
13974,harlan-coben
13981,harlequin
13990,harper-connelly
13992,harper-lee
13994,harper-sloan
14001,harris
14002,harris-charlaine
14006,harrison-kim
14010,harry-bosch
14013,harry-dresden
14015,harry-hole
14017,harry-potter
14024,harry-potter-series
14034,haruki-murakami
14046,hatchet
14059,haunted-house
14064,have
14092,have-read
14106,hawaii
14128,healing
14134,health
14151,health-fitness
14187,heartbreaking
14196,heaven
14197,heaven-is-for-real
14209,heinlein
14218,heist
14219,heist-society
14223,helen-fielding
14235,hellboy
14251,hemingway
14256,henning-mankell
14259,henrietta-lacks
14266,henry-james
14273,henry-viii
14281,hercule-poirot
14295,herman-melville
14297,hermann-hesse
14298,hermaphrodite
14308,heroes-of-olympus
14311,heroic-fantasy
14318,hesse
14323,hex-hall
14327,heyer
14361,high-fantasy
14370,high-school
14379,high-school-reads
14393,highland-romance
14394,highlander
14396,highlander-series
14397,highlanders
14403,highschool
14405,hiking
14408,hilarious
14410,hilary-mantel
14423,hinduism
14435,his-dark-materials
14436,his-fair-assassin
14445,hist
14460,historic
14461,historic-fiction
14467,historical
14484,historical-fantasy
14485,historical-fic
14487,historical-fiction
14519,historical-mystery
14520,historical-non-fiction
14521,historical-nonfiction
14523,historical-novel
14524,historical-novels
14527,historical-romance
14539,historicalfiction
14552,history
14557,history-american
14572,history-biography
14607,history-of-medicine
14611,history-of-science
14612,history-politics
14656,hitler-s-rise-to-power
14681,hockey
14693,holes
14694,holiday
14704,holidays
14714,hollows
14717,holly-black
14719,hollywood
14721,holmes
14730,holocaust
14752,home
14764,home-library
14774,homelessness
14775,homemaking
14776,homer
14779,homeschool
14786,homesteading
14790,homosexuality
14797,hong-kong
14800,honor-harrington
14803,honorverse
14811,hopeless
14821,horror
14836,horror-fiction
14852,horror-suspense
14856,horror-thriller
14867,horse
14868,horse-books
14871,horse-racing
14877,horses
14882,horus-heresy
14894,hot
14903,hot-hot-hot
14915,house-of-hades
14917,house-of-night
14921,house-of-night-series
14927,how-to
14939,how-to-train-your-dragon
14951,hp
14979,hugh-howey
14983,hugo
14988,hugo-award
15006,hugo-winners
15034,human-rights
15040,humanitarian
15048,humor
15060,humorous
15067,humour
15079,hungary
15081,hunger-games
15083,hunger-games-series
15090,hunter-s-thompson
15107,hush-hush
15109,hush-hush-series
15125,húmor
15129,i-am-number-four
15138,i-cried
15169,i-own
15174,i-own-it
15209,ian-fleming
15211,ian-mcewan
15212,ian-rankin
15221,iceland
15238,identity
15249,idw
15252,if-i-stay
15281,illness
15285,illustrated
15291,ilona-andrews
15295,image
15296,image-comics
15304,imagination
15312,immigrant-experience
15315,immigrants
15316,immigration
15317,immortal
15319,immortality
15320,immortals
15321,immortals-after-dark
15322,immortals-after-dark-series
15329,imperialism
15339,improvement
15358,in-death
15359,in-death-series
15362,in-english
15424,in-translation
15431,incarceron
15434,incarnations-of-immortality
15436,incest
15447,indentured-servants
15453,india
15461,indian
15463,indian-authors
15468,indian-fiction
15473,indian-literature
15500,individualism
15501,individuality
15505,indonesia
15550,infernal-devices
15551,inferno
15561,information
15569,informational
15585,inheritance
15586,inheritance-cycle
15591,inkheart
15595,inkworld
15604,innovation
15609,insects
15624,inspiration
15626,inspirational
15642,inspiring
15646,insta-love
15668,intellectualism
15676,interactive
15698,international
15709,internet
15743,intuition
15745,inuyasha
15758,investing
15763,investment
15782,iran
15795,iraq
15798,ireland
15803,iris-johansen
15808,irish
15816,irish-lit
15817,irish-literature
15822,iron-druid
15823,iron-druid-chronicles
15824,iron-fey
15834,irving
15840,isaac-asimov
15844,isabel-allende
15858,islam
15880,israel
15890,it
15903,italia
15904,italian
15914,italian-lit
15915,italian-literature
15923,italo-calvino
15924,italy
15944,i̇saac-asimov
15946,j-a-redmerski
15954,j-d-robb
15957,j-d-salinger
15960,j-fiction
15965,j-k-rowling
15967,j-kenner
15969,j-lynn
15979,j-r-r-tolkien
15980,j-r-ward
15989,jaci-burton
15999,jack-kerouac
16001,jack-london
16005,jack-reacher
16008,jack-reacher-series
16009,jack-ryan
16015,jack-the-ripper
16032,jacqueline-carey
16036,jacqueline-wilson
16038,jacqueline-winspear
16040,jacquelyn-frank
16054,jamaica
16062,james-bond
16069,james-clavell
16070,james-dashner
16079,james-herbert
16080,james-herriot
16084,james-joyce
16087,james-lee-burke
16095,james-patterson
16096,james-patterson-alex-cross
16125,james-potter
16130,james-rollins
16141,jamie-mcguire
16151,jan-karon
16157,jane-austen
16168,jane-green
16179,jane-yellowrock
16184,janet-evanovich
16193,janette-oke
16196,january
16203,japan
16205,japanese
16209,japanese-authors
16212,japanese-fiction
16216,japanese-internment
16217,japanese-lit
16218,japanese-literature
16221,japanese-prison-camp-experiences
16228,japán
16233,jason-bourne
16240,jasper-fforde
16245,jay-asher
16246,jay-crownover
16252,jazz
16258,jd-robb
16263,jealousy
16264,jean-auel
16268,jean-m-auel
16274,jeaniene-frost
16275,jeaniene‎-frost
16289,jeff-kinney
16291,jeff-lindsay
16302,jeffery-deaver
16306,jeffrey-archer
16308,jeffrey-deaver
16324,jennifer-armentrout
16325,jennifer-ashley
16328,jennifer-crusie
16333,jennifer-estep
16334,jennifer-l-armentrout
16337,jennifer-probst
16338,jennifer-weiner
16343,jenny-han
16355,jerry-spinelli
16364,jessica-day-george
16370,jessica-sorensen
16383,jewish
16405,jfk-assassination
16408,jhumpa-lahiri
16412,jill-mansell
16414,jill-shalvis
16418,jim-butcher
16427,jk-rowling
16431,jo-nesbo
16439,joanna-wylde
16440,joanne-fluke
16441,joanne-harris
16447,jodi-ellen-malpas
16449,jodi-picoult
16454,joe-abercrombie
16458,joe-hill
16479,johanna-lindsey
16490,john-boyne
16498,john-connolly
16507,john-flanagan
16511,john-green
16518,john-grisham
16524,john-irving
16526,john-jakes
16545,john-puller
16550,john-sandford
16557,john-sanford
16559,john-saul
16561,john-scalzi
16563,john-steinbeck
16581,jojo-moyes
16588,jon-krakauer
16597,jonathan-kellerman
16603,jonathan-safran-foer
16604,jonathan-stroud
16605,jonathan-swift
16613,jordan
16628,joseph-conrad
16635,josephine-angelini
16646,jostein-gaarder
16651,journalism
16658,journey
16663,joyce
16664,joyce-carol-oates
16672,jr-ward
16674,jrr-tolkien
16680,judaism
16682,jude-deveraux
16693,judith-mcnaught
16695,judy-blume
16702,jules-verne
16709,julia-quinn
16710,julian-barnes
16716,julie-garwood
16718,julie-james
16719,julie-kagawa
16722,juliet-marillier
16754,junie-b-jones
16767,jussi-adler-olsen
16787,justice
16792,justin-cronin
16799,juvenile
16805,juvenile-fiction
16827,k-bromberg
16830,ka
16838,kafka
16846,kalayna-price
16850,kami-garcia
16852,kami-garcía
16858,kane-chronicles
16859,kansas
16867,karen-chance
16871,karen-kingsbury
16877,karen-marie-moning
16883,karin-slaughter
16886,karina-halle
16898,kate-atkinson
16903,kate-daniels
16904,kate-daniels-series
16905,kate-dicamillo
16909,kate-morton
16935,kathryn-stockett
16938,kathy-reichs
16941,katie-ashley
16944,katie-macalister
16945,katie-mcgarry
16950,katy-evans
16959,kay-scarpetta
16960,kay-scarpetta-series
16967,kazuo-ishiguro
16988,kellerman
16991,kelley-armstrong
16993,kelly-armstrong
17002,ken-follett
17027,kenya
17028,kenyon
17030,kenyon-sherrilyn
17038,keri-arthur
17040,kerouac
17041,kerrelyn-sparks
17045,kerstin-gier
17047,kevin-hearne
17065,kgi
17068,khaled-hosseini
17080,kick-ass-heroine
17081,kick-ass-heroines
17083,kickass-heroine
17085,kid
17086,kid-books
17090,kid-lit
17094,kid-s-books
17103,kid-stuff
17113,kiddos
17118,kidnapped
17119,kidnapping
17124,kids
17129,kids-books
17177,kiera-cass
17178,kiersten-white
17189,kim-edwards
17191,kim-harrison
17206,kinderboeken
17210,kindergarten
17213,kindle
17217,kindle-books
17234,kindle-first
17260,kindle-unlimited
17273,king
17276,king-arthur
17285,king-stephen
17291,kingkiller
17292,kingkiller-chronicle
17293,kingkiller-chronicles
17312,kinsey-millhone
17343,kitty-norville
17358,klassiker
17370,knights
17374,knitting
17413,koontz
17419,korea
17420,korean
17424,korean-literature
17439,kresley-cole
17442,krimi
17449,kristan-higgins
17450,kristen-ashley
17455,kristen-proby
17457,kristin-cashore
17459,kristin-hannah
17475,kundera
17487,kurt-vonnegut
17503,kylie-scott
17521,l-frank-baum
17523,l-j-smith
17525,l-m-montgomery
17567,laini-taylor
17582,land-of-stories
17588,lang-leav
17589,langdon
17591,language
17607,lara-adrian
17612,larissa-ione
17619,lars-kepler
17622,larsson
17638,latin
17639,latin-america
17640,latin-american
17644,latin-american-lit
17645,latin-american-literature
17653,latino
17667,laugh-out-loud
17677,laura-hillenbrand
17678,laura-ingalls-wilder
17680,laura-kaye
17686,laurann-dohner
17690,laurelin-paige
17693,laurell-k--hamilton
17694,laurell-k-hamilton
17698,lauren-blakely
17701,lauren-conrad
17706,lauren-kate
17708,lauren-oliver
17710,lauren-weisberger
17717,laurie-halse-anderson
17720,laurie-r-king
17721,law
17724,law-enforcement
17726,law-of-attraction
17736,lawyers
17746,lds
17751,lds-books
17755,lds-fiction
17780,leadership
17801,lean
17807,learning
17838,lee-child
17847,left-behind
17849,left-behind-series
17857,legal
17860,legal-fiction
17863,legal-thriller
17864,legal-thrillers
17865,legend
17866,legend-of-drizzt
17868,legend-series
17881,leigh-bardugo
17904,lemony-snicket
17918,leo-tolstoy
17928,leprosy
17933,lesbian
17935,lesbian-fiction
17968,letters
17987,lewis
17992,lewis-carroll
18001,lgbt
18011,lgbtq
18013,lgbtqa
18015,lgbtqia
18024,liane-moriarty
18028,libba-bray
18042,libraries
18045,library
18051,library-book
18054,library-books
18130,life
18151,life-lessons
18168,lifestyle
18187,light-reading
18190,lightbringer
18192,lighthouse
18204,lilian-jackson-braun
18217,lincoln
18219,lincoln-child
18222,lincoln-rhyme
18225,linda-castillo
18226,linda-fairstein
18228,linda-howard
18243,linguistics
18246,linwood-barclay
18258,lisa-gardner
18261,lisa-genova
18262,lisa-jackson
18266,lisa-kleypas
18268,lisa-mcmann
18269,lisa-renee-jones
18270,lisa-scottoline
18271,lisa-see
18273,lisbeth-salander
18282,listened
18284,listened-to
18292,lit
18318,literary
18324,literary-criticism
18326,literary-fiction
18367,literature
18396,lithuania
18406,little-black-classics
18413,little-house
18458,lj-smith
18513,logic
18517,lois-lowry
18520,lol
18525,london
18549,longmire
18555,looking-glass-wars
18566,lord-of-the-rings
18571,lords-of-deliverance
18573,lords-of-the-underworld
18574,lords-of-the-underworld-series
18578,loretta-chase
18583,lorien-legacies
18584,lorien-legacies-series
18589,los-angeles
18606,lost-generation
18608,lost-interest
18615,lotr
18629,louis-zamperini
18630,louisa-may-alcott
18637,louise-penny
18638,louise-rennison
18640,love
18645,love-at-stake
18652,love-hate
18663,love-stories
18664,love-story
18668,love-triangle
18670,love-triangles
18673,lovecraft
18677,lovecraftian
18680,loved
18682,loved-it
18717,lucas-davenport
18731,ludlum
18746,lunar-chronicles
18762,lux
18763,lux-series
18784,lynsay-sands
18793,m-c-beaton
18795,m-f
18800,m-leighton
18801,m-m
18802,m-m-f
18805,m-m-romance
18835,macomber-debbie
18849,made-into-movie
18851,made-me-cry
18852,made-me-laugh
18854,madeleine-l-engle
18859,madeline-sheehan
18867,maeve-binchy
18869,mafia
18873,mafia-romance
18884,maggie-stiefvater
18886,magic
18896,magic-realism
18904,magic-tree-house
18913,magical
18919,magical-realism
18921,magicians
18926,magisterium
18927,magnus-chase
18939,maids
18946,maine
18955,maisie-dobbs
18977,malaysia
18981,malazan
18982,malazan-book-of-the-fallen
18987,malcolm-gladwell
18994,male-pov
19017,man-booker
19030,man-booker-prize
19039,management
19052,manga
19083,manga-comics
19103,manga-graphic-novels
19125,manga-manhwa
19141,manga-read
19160,manga-to-read
19165,mangas
19175,mangá
19176,mangás
19206,mara-dyer
19212,march
19224,margaret-atwood
19227,margaret-mitchell
19228,margaret-peterson-haddix
19239,maria-v-snyder
19240,marian-keyes
19245,marie-force
19246,marie-lu
19258,mario-puzo
19260,marion-zimmer-bradley
19262,marissa-meyer
19276,mark-lawrence
19285,mark-twain
19294,marketing
19307,markus-zusak
19313,marquez
19316,marriage
19325,marriage-of-convenience
19335,mars
19343,martial-arts
19344,martin
19357,marvel
19359,marvel-comics
19373,marxism
19384,mary-higgins-clark
19388,mary-janice-davidson
19389,mary-kay-andrews
19397,mary-russell
19405,maryjanice-davidson
19433,matched
19434,matched-series
19435,matched-trilogy
19445,math
19452,mathematics
19456,maths
19459,matilda
19469,matthew-reilly
19487,maurice-sendak
19491,max-brooks
19496,maximum-ride
19500,maximum-ride-series
19510,may-2017
19518,maya-angelou
19519,maya-banks
19524,maybe
19543,maze-runner
19544,maze-runner-series
19549,mc
19553,mc-books
19558,mc-romance
19565,mccaffrey
19574,mccarthy
19604,me-before-you
19623,media
19634,medical
19654,medical-thriller
19659,medicine
19666,medieval
19672,medieval-history
19674,medieval-literature
19678,medieval-romance
19682,meditation
19689,meg-cabot
19699,meh
19712,melissa-de-la-cruz
19714,melissa-marr
19717,melody-anne
19733,memoir
19735,memoir-autobiography
19737,memoir-bio
19738,memoir-biography
19742,memoirs
19749,memoirs-biographies
19760,memory
19775,menage
19776,menagé
19786,mental-health
19788,mental-illness
19798,mercedes-lackey
19799,mercedes-thompson
19805,mercy-thompson
19806,mercy-thompson-series
19808,meredith-gentry
19810,meredith-wild
19815,mermaid
19817,mermaids
19821,merry-gentry
19832,meta
19835,metafiction
19860,mexico
19862,meyer-stephenie
19867,mg
19878,mia-sheridan
19882,mice
19886,michael-bennett
19888,michael-bennett-series
19892,michael-connelly
19897,michael-crichton
19900,michael-grant
19914,michael-scott
19918,michael-vey
19935,michigan
19940,mickey-haller
19949,microhistory
19958,middle-ages
19959,middle-earth
19961,middle-east
19974,middle-grade
19980,middle-grades
19983,middle-school
19997,midnight-breed
19998,midnight-breed-series
20004,midnighters
20008,midwifery
20035,milan-kundera
20047,military
20053,military-fiction
20054,military-history
20063,military-romance
20064,military-sci-fi
20065,military-science-fiction
20066,military-scifi
20067,military-sf
20081,millenium
20082,millennium
20085,millennium-trilogy
20104,mind
20120,mindfulness
20125,mine
20130,minimalism
20138,minnesota
20172,miss-marple
20188,missionaries
20194,missions
20196,mississippi
20198,missouri
20203,mistborn
20205,mistery
20212,mitch-albom
20213,mitch-rapp
20241,mm
20243,mm-romance
20244,mma
20251,mmf
20257,mo-willems
20258,mob
20279,modern
20281,modern-classic
20282,modern-classics
20287,modern-fantasy
20288,modern-fiction
20292,modern-library-100
20299,modern-library-top-100
20318,modernism
20320,modernist
20346,molly-harper
20347,molly-mcadams
20376,money
20390,monica-murphy
20391,moning
20394,monkeys
20405,monsters
20434,moral-dilemmas
20450,morganville
20454,morganville-vampires
20458,mormon
20466,mormonism
20467,mormons
20476,mortal-instruments
20477,mortal-instruments-series
20508,motherhood
20519,motivation
20520,motivational
20526,motorcycle
20527,motorcycle-club
20539,mountaineering
20547,movie
20570,movies
20600,ms-marvel
20622,multicultural
20630,multigenerational
20640,multiple-pov
20654,murakami
20656,murder
20662,murder-mystery
20672,museums
20673,music
20710,musician
20711,musicians
20731,must-read
20737,must-reads
20763,my-blood-approves
20774,my-books
20781,my-bookshelf
20785,my-childhood
20811,my-ebooks
20824,my-favorites
20849,my-library
20888,my-shelf
20915,myron-bolitar
20926,mysteries
20939,mystery
20957,mystery-crime
20963,mystery-detective
20989,mystery-suspense
20991,mystery-suspense-thriller
20994,mystery-thriller
20998,mystery-thriller-horror
21001,mystery-thriller-suspense
21003,mystery-thrillers
21011,myth
21021,mythological
21024,mythology
21033,mythos-academy
21035,myths
21041,ménage
21043,méxico
21055,na
21062,nabokov
21072,nalini-singh
21079,nancy-drew
21110,narnia
21111,narrativa
21126,naruto
21149,nathaniel-hawthorne
21152,national-book-award
21166,native-american
21175,native-americans
21187,natural-history
21195,nature
21206,naughty
21209,nautical
21224,nazi-french-occupation
21225,nazi-germany
21237,neal-shusterman
21238,neal-stephenson
21241,near-death-experience
21244,nebraska
21245,nebula
21246,nebula-award
21256,necromancer
21262,nederlands
21265,need
21274,need-to-buy
21284,need-to-read
21297,negotiation
21303,neighbors
21308,neil-gaiman
21317,nelson-demille
21327,nepal
21328,nephilim
21339,netgalley
21344,netherlands
21355,neurology
21358,neuroscience
21365,nevada-barr
21369,never-again
21374,never-finished
21385,new-52
21387,new-adult
21391,new-adult-romance
21392,new-age
21406,new-england
21412,new-jersey
21420,new-orleans
21428,new-species
21436,new-weird
21437,new-york
21438,new-york-city
21440,new-zealand
21447,newberry
21457,newbery
21459,newbery-award
21466,newbery-honor
21470,newbery-medal
21473,newbery-winner
21474,newbery-winners
21527,nicholas-flamel
21529,nicholas-sparks
21538,nick-hornby
21539,nicky-charles
21544,nicole-williams
21547,nietzsche
21550,nigeria
21551,nigerian
21552,night
21553,night-angel
21555,night-huntress
21556,night-huntress-series
21557,night-huntress-world
21560,night-prince
21565,night-world
21570,nightshade
21572,nightside
21577,nightwalkers
21581,nigéria
21589,nikki-heat
21616,no-1-ladies-detective-agency
21656,nobel
21660,nobel-laureates
21662,nobel-prize
21672,noir
21682,non-con
21685,non-fic
21689,non-fiction
21739,non-fiction-to-read
21766,nonfic
21773,nonfiction
21815,nook
21817,nook-books
21825,nope
21827,nora
21831,nora-roberts
21850,nordic
21855,nordic-noir
21864,norse-mythology
21878,north-korea
21887,norway
21888,norwegian
21892,nostalgia
21915,not-finished
21928,not-interested
21947,not-out-yet
21971,not-yet-released
21989,novel
21993,novel-in-verse
22009,novela
22025,novella
22027,novellas
22034,novels
22040,novels-in-verse
22098,nutrition
22111,nyc
22120,nyrb
22121,nyrb-classics
22125,nárnia
22159,objectivism
22173,occult
22194,october-daye
22200,odd-thomas
22219,office-romance
22245,old-english
22282,olivia-cunning
22292,olympics
22323,on-dublin-street
22330,on-hold
22333,on-kindle
22344,on-my-bookshelf
22345,on-my-kindle
22352,on-my-shelf
22381,on-writing
22401,one-piece
22439,opera
22449,oprah
22451,oprah-book-club
22456,oprah-s-book-club
22465,oprahs-book-club
22494,organization
22505,organizing
22522,orphan-train
22526,orphans
22529,orson-scott-card
22533,orwell
22537,oscar-wilde
22545,other
22571,otherworld
22574,otp
22585,our-shared-shelf
22592,out-of-my-mind
22597,outdoors
22601,outlander
22602,outlander-series
22616,overcoming-adversity
22639,owlcrate
22689,own-it
22722,own-read
22733,own-to-read
22736,own-voices
22743,owned
22753,owned-books
22813,owned-tbr
22816,owned-to-read
22830,oz
22839,p-c-cast
22858,pacific-crest-trail
22860,pacific-northwest
22870,pagan
22876,paganism
22894,pakistan
22897,palahniuk
22904,palestine
22942,paper-towns
22944,paperback
22973,paranormal
22977,paranormal-fantasy
22979,paranormal-fiction
22983,paranormal-romance
22988,paranormal-supernatural
22991,paranormal-urban-fantasy
22995,paranormalcy
23001,parasol-protectorate
23005,parenting
23013,parenting-books
23026,paris
23034,parody
23037,part-of-a-series
23040,partially-read
23072,pat-conroy
23083,patricia-briggs
23086,patricia-cornwell
23100,patrick-ness
23103,patrick-rothfuss
23106,patterson
23114,patterson-james
23131,paul-auster
23144,paula-hawkins
23150,paulo-coelho
23166,pc-cast
23189,pearl-s-buck
23210,pendergast
23219,pendragon
23222,penelope-douglas
23223,penelope-ward
23252,penny-reid
23256,people
23259,pepper-winters
23264,percy
23266,percy-jackson
23268,percy-jackson-and-the-olympians
23273,percy-jackson-series
23280,perfect-chemistry
23300,pern
23323,personal
23334,personal-development
23339,personal-finance
23343,personal-growth
23349,personal-library
23353,personal-mba
23378,peru
23405,peter-pan
23407,peter-straub
23409,peter-v-brett
23415,pets
23427,pharmaceutical-research
23440,philip-k-dick
23442,philip-pullman
23447,philippa-gregory
23465,philosophical
23466,philosophical-fiction
23471,philosophy
23504,philosophy-religion
23535,photography
23569,physics
23592,picoult
23595,picture
23596,picture-book
23605,picture-books
23624,picturebooks
23632,piers-anthony
23679,pirates
23685,pittacus-lore
23689,pixies
23692,pkd
23699,plague
23719,plantation-life
23722,plants
23726,plato
23727,play
23743,plays
23774,pll
23784,plot-twist
23787,plum
23796,pnr
23798,pnr-uf
23802,poc
23812,poem
23816,poems
23821,poesia
23822,poesie
23824,poesía
23831,poetry
23838,poetry-and-plays
23853,poetry-plays
23871,poirot
23877,poland
23883,poldark
23888,police-procedural
23896,policier
23900,polish
23905,polish-literature
23909,political
23920,political-philosophy
23923,political-science
23926,political-theory
23928,political-thriller
23931,politics
23956,polygamy
23970,pop-culture
23980,pop-science
23991,popular
23993,popular-fiction
23996,popular-science
24009,portugal
24012,portuguese
24019,portuguese-literature
24050,post-apocalypse
24051,post-apocalyptic
24057,post-colonial
24060,post-modern
24074,postcolonial
24080,postmodern
24083,postmodernism
24092,potter
24099,poverty
24100,pow
24112,powers
24115,poésie
24136,pratchett
24141,prayer
24148,pre-2000
24187,pregnancy
24207,prehistoric
24208,prehistoric-fiction
24224,preschool
24239,presidential-biographies
24246,presidents
24254,preston-child
24265,pretty-covers
24268,pretty-little-liars
24270,pretty-little-liars-series
24310,princess
24313,princess-diaries
24317,princesses
24328,printz
24329,printz-award
24348,prison
24357,private
24397,product-management
24401,productivity
24407,professional
24410,professional-development
24420,programming
24462,proust
24489,psy-changeling
24493,psych
24506,psychic
24512,psychoanalysis
24517,psychological
24519,psychological-mystery
24521,psychological-thriller
24526,psychology
24545,psychology-sociology
24566,ptsd
24576,public-health
24609,pulitzer
24615,pulitzer-fiction
24624,pulitzer-prize
24631,pulitzer-prize-winner
24632,pulitzer-prize-winners
24639,pulitzer-winners
24642,pulitzers
24646,pulp
24653,punctuation
24655,punk
24662,purchased
24674,puritans
24679,pushing-the-limits
24694,pynchon
24728,queer
24766,quinn-loftis
24771,quirky
24785,r-a-salvatore
24793,r-k-lilley
24795,r-l-mathewson
24796,r-l-stine
24802,rabbits
24807,race
24821,rachel-caine
24822,rachel-gibson
24824,rachel-hawkins
24826,rachel-morgan
24832,rachel-van-dyken
24833,rachel-vincent
24836,racial-discrimination
24840,racism
24860,rainbow-rowell
24861,raine-miller
24864,raised-by-wolves
24883,rand
24898,ranger-s-apprentice
24901,rangers-apprentice
24907,ransom-riggs
24908,rape
24943,ray-bradbury
24946,raymond-chandler
24947,raymond-e-feist
24951,raymond-khoury
24960,re-read
24963,re-reading
24964,re-reads
24968,reacher
24989,read-2008
24990,read-2009
24991,read-2010
24992,read-2011
24993,read-2012
24995,read-2013
24996,read-2014
24997,read-2015
24999,read-2016
25000,read-2017
25011,read-again
25014,read-aloud
25020,read-alouds
25033,read-as-a-child
25034,read-as-a-kid
25091,read-classics
25093,read-comics
25106,read-fiction
25110,read-for-class
25114,read-for-school
25126,read-harder-2017
25144,read-in-2008
25145,read-in-2009
25146,read-in-2010
25147,read-in-2011
25148,read-in-2012
25149,read-in-2013
25150,read-in-2014
25151,read-in-2015
25152,read-in-2016
25153,read-in-2017
25156,read-in-8th-grade
25167,read-in-english
25169,read-in-french
25170,read-in-german
25171,read-in-high-school
25191,read-in-school
25223,read-manga
25234,read-more-than-once
25235,read-multiple-times
25305,read-to-kids
25329,read-with-kids
25433,realism
25436,realistic
25438,realistic-fiction
25450,really-want-to-read
25466,rebecca-donovan
25473,rebus
25494,reckoners
25500,recommend
25505,recommendations
25506,recommended
25539,red-queen
25542,red-rising
25554,redwall
25562,reference
25592,refugee
25593,refugees
25596,regency
25600,regency-romance
25611,reichs
25612,reichs-kathy
25617,reincarnation
25628,relationship
25630,relationships
25647,religion
25670,religion-philosophy
25674,religion-spirituality
25685,religious
25690,religious-fiction
25709,religión
25715,relígion
25726,renaissance
25740,repetition
25761,required-reading
25765,reread
25770,rereads
25798,retelling
25799,retellings
25815,revenants
25816,revenge
25822,reviewed
25826,revolution
25830,revolutionary-war
25850,rhyming
25856,rice
25870,richard-adams
25874,richard-bach
25879,richard-castle
25881,richard-dawkins
25885,richard-iii
25895,richard-paul-evans
25908,richelle-mead
25913,rick-riordan
25917,rick-yancey
25942,riordan
25969,rizzoli-and-isles
25971,rizzoli-isles
25987,road-trip
25988,road-trips
25990,roadtrip
25992,roald-dahl
25997,robb-j-d
26003,robert
26004,robert-a-heinlein
26010,robert-crais
26015,robert-galbraith
26023,robert-jordan
26026,robert-langdon
26027,robert-louis-stevenson
26028,robert-ludlum
26041,roberts-nora
26050,robin-cook
26051,robin-hobb
26052,robin-hood
26054,robin-mckinley
26063,robots
26065,robyn-carr
26076,rock-chick
26088,rock-star
26090,rock-star-romance
26091,rock-stars
26092,rocker
26094,rockers
26097,rockstar
26098,rockstar-romance
26099,rockstars
26117,rollins
26121,rom-com
26126,roman
26133,roman-mythology
26138,romance
26146,romance-contemporary
26150,romance-erotica
26154,romance-historical
26163,romance-paranormal
26172,romance-suspense
26178,romancé
26194,romantic
26197,romantic-comedy
26207,romantic-suspense
26211,romanticism
26221,rome
26223,romeo-and-juliet
26246,rory-gilmore
26251,rory-gilmore-challenge
26256,rory-gilmore-reading-challenge
26257,rory-gilmore-reading-list
26278,rosemary-beach
26294,rowing
26295,rowling
26305,royalty
26346,running
26371,russia
26374,russian
26375,russian-authors
26379,russian-classics
26381,russian-history
26382,russian-lit
26384,russian-literature
26392,russians
26409,rwanda
26421,rússia
26429,s-c-stephens
26459,sad
26470,safety
26471,saga
26476,sagas
26497,salem-witch-trials
26498,sales
26508,salman-rushdie
26525,samantha-towle
26526,samantha-young
26535,san-francisco
26542,sanderson
26545,sandford
26552,sandman
26556,sandra-brown
26589,sara-gruen
26591,sara-shepard
26594,sarah-addison-allen
26598,sarah-dessen
26602,sarah-j-maas
26604,sarah-maclean
26618,saramago
26636,satire
26648,savannah
26657,saw-the-movie
26679,scandinavia
26680,scandinavian
26688,scandinavian-literature
26712,scarpetta
26717,scary
26721,scary-stories
26735,school
26740,school-books
26752,school-reading
26754,school-reads
26759,school-shooting
26771,sci-fi
26774,sci-fi-and-fantasy
26785,sci-fi-fantasy
26799,sci-fi-romance
26816,science
26837,science-fiction
26838,science-fiction-and-fantasy
26842,science-fiction-fantasy
26857,science-math
26884,sciencefiction
26885,sciences
26891,scientology
26894,scifi
26897,scifi-fantasy
26918,scotland
26933,scott-lynch
26936,scott-pilgrim
26943,scott-westerfeld
26944,scottish
26956,screenplay
26966,scripture
26978,sea
26980,sea-breeze
26999,seanan-mcguire
27009,seasons
27011,seattle
27016,second-chance
27018,second-chance-romance
27030,secret
27040,secret-society
27066,segregation
27073,selection
27077,self
27089,self-development
27091,self-esteem
27094,self-harm
27095,self-help
27111,self-improvement
27123,selfhelp
27163,septimus-heap
27170,sequels
27175,sequencing
27176,sequential-art
27187,serial-killer
27188,serial-killers
27199,series
27238,series-finished
27282,series-of-unfortunate-events
27313,series-to-finish
27314,series-to-read
27315,series-to-start
27360,seuss
27363,seven-realms
27368,sex
27387,sexuality
27391,sexy
27398,sf
27401,sf-f
27403,sf-fantasy
27405,sf-masterworks
27412,sff
27424,shadow-children
27426,shadow-falls
27427,shadow-falls-series
27432,shadowhunters
27438,shakespeare
27449,shamanism
27461,shannara
27466,shannon-hale
27470,shape-shifters
27472,shapeshifter
27473,shapeshifters
27479,sharing
27488,sharpe
27491,shatter-me
27492,shatter-me-series
27499,shayla-black
27506,shel-silverstein
27535,shelfari-favorites
27562,shelly-laurenston
27573,sherlock
27575,sherlock-holmes
27600,sherrilyn-kenyon
27611,shifter
27613,shifters
27624,shirley-jackson
27633,shiver
27640,shojo
27650,shopaholic
27651,shopaholic-series
27656,short
27661,short-fiction
27669,short-stories
27682,short-story
27683,short-story-collection
27684,short-story-collections
27696,shortstories
27699,shoujo
27705,shounen
27708,showalter
27709,showalter-gena
27734,siblings
27745,sidney-sheldon
27752,sierra-leone
27758,sigma-force
27766,signed
27800,simone-elkeles
27812,singapore
27829,sinners-on-tour
27847,sisters
27848,sisters-grimm
27859,six-of-crows
27870,skepticism
27901,skulduggery-pleasant
27916,slave
27919,slavery
27934,slow-burn
27951,small-town
27962,smile
27975,smut
27989,snow
28005,soccer
28009,social
28014,social-commentary
28022,social-history
28024,social-issues
28025,social-justice
28031,social-science
28032,social-sciences
28034,social-studies
28043,socialism
28046,society
28052,sociology
28055,sociopath
28064,software
28068,software-development
28069,software-engineering
28080,somalia
28102,song-of-ice-and-fire
28126,sookie
28127,sookie-stackhouse
28128,sookie-stackhouse-series
28140,sophie-jordan
28141,sophie-kinsella
28163,soul-eater
28167,soul-screamers
28172,soulmates
28184,south-africa
28185,south-african
28189,south-america
28190,south-american
28193,south-asia
28201,south-korea
28204,southern
28215,southern-fiction
28216,southern-gothic
28218,southern-lit
28219,southern-literature
28235,space
28247,space-opera
28248,space-opéra
28254,space-travel
28259,spain
28261,spanish
28264,spanish-civil-war
28268,spanish-lit
28269,spanish-literature
28275,sparks
28277,sparks-nicholas
28280,speak
28298,speculative
28300,speculative-fiction
28316,spider-man
28319,spiderwick
28320,spiderwick-chronicles
28321,spies
28335,spirit
28341,spiritual
28354,spiritual-formation
28356,spiritual-growth
28384,spirituality
28413,splintered
28415,spooky
28420,sport
28422,sports
28445,sports-romance
28466,spy
28471,spy-books
28473,spy-fiction
28479,spy-novels
28482,spy-thriller
28489,spórt
28496,sri-lanka
28525,stand-alone
28528,stand-alones
28532,standalone
28533,standalones
28540,star-trek
28541,star-wars
28545,star-wars-canon
28552,star-wars-legends
28570,starcrossed
28572,stargirl
28594,startup
28596,startups
28597,starwars
28603,statistics
28609,steam-punk
28610,steampunk
28612,steamy
28623,steinbeck
28631,stepbrother
28640,stephanie-meyer
28641,stephanie-perkins
28642,stephanie-plum
28645,stephanie-plum-series
28659,stephen-hawking
28660,stephen-hunter
28663,stephen-king
28681,stephenie-meyer
28687,steve-berry
28693,steve-jobs
28701,steven-erikson
28717,stieg-larsson
28726,stockholm-syndrome
28729,stoicism
28740,stopped-reading
28751,stories
28761,stormlight-archive
28776,storytime
28793,strange-angels
28800,strategy
28805,stream-of-consciousness
28839,strong-women
28848,student-teacher
28857,study
28880,stéphanie-plum
28881,sub
28904,success
28911,succubus
28914,sudan
28919,sue-grafton
28921,sue-monk-kidd
28936,suicide
28945,summer
28951,summer-2014
28952,summer-2015
28953,summer-2016
28954,summer-2017
28959,summer-books
28964,summer-reading
28974,summer-reads
28994,super-heroes
28999,superhero
29005,superheroes
29009,superhéroes
29010,superman
29011,supernatural
29025,superpowers
29037,surreal
29038,surrealism
29045,survival
29062,susan-elizabeth-phillips
29064,susan-mallery
29071,susanna-kearsley
29076,suspense
29083,suspense-thriller
29089,sustainability
29095,suzanne-collins
29097,suzanne-wright
29112,sweden
29113,swedish
29119,sweet
29141,switzerland
29146,sword-and-laser
29149,sword-and-sorcery
29151,sword-of-truth
29165,sylvain-reynard
29166,sylvia-day
29170,symbols
29175,synesthesia
29190,séries
29205,taboo
29208,tad-williams
29212,tahereh-mafi
29244,talking-animals
29250,tami-hoag
29254,tammara-webber
29258,tamora-pierce
29264,tana-french
29267,tangled
29270,tao
29271,taoism
29282,tarryn-fisher
29284,tarzan
29293,tattoo
29299,tattoos
29316,tbr
29319,tbr-2017
29355,tbr-pile
29384,teacher-student
29388,teaching
29401,tear-jerker
29402,tear-jerkers
29403,teardrop
29405,tearjerker
29412,teatro
29418,tech
29425,technical
29431,techno-thriller
29434,technology
29443,ted-dekker
29452,teen
29457,teen-books
29464,teen-fiction
29466,teen-lit
29471,teen-pregnancy
29473,teen-reads
29475,teen-romance
29492,teens
29506,television
29509,temeraire
29514,temperance-brennan
29531,tennis
29550,terror
29553,terrorism
29559,terry-brooks
29560,terry-goodkind
29568,terry-pratchett
29573,tess-gerritsen
29574,tessa-dare
29584,texas
29591,textbooks
29597,thailand
29606,the-100
29609,the-39-clues
29612,the-5th-wave
29614,the-alchemist
29632,the-bane-chronicles
29663,the-body-finder
29694,the-cat-who
29705,the-chronicles-of-narnia
29716,the-classics
29718,the-clique
29737,the-dark-artifices
29744,the-dark-tower
29747,the-darkest-minds
29759,the-dresden-files
29765,the-elite
29774,the-expanse
29787,the-fault-in-our-stars
29790,the-first-law
29806,the-giver
29809,the-giving-tree
29829,the-grisha
29842,the-help
29843,the-heroes-of-olympus
29848,the-hollows
29853,the-host
29858,the-hunger-games
29864,the-immortals
29867,the-infernal-devices
29868,the-inheritance-cycle
29873,the-iron-fey
29881,the-kane-chronicles
29888,the-king
29889,the-kingkiller-chronicle
29896,the-land-of-stories
29902,the-last-song
29905,the-league
29925,the-lord-of-the-rings
29931,the-lost-hero
29934,the-lunar-chronicles
29936,the-lying-game
29952,the-maze-runner
29954,the-mediator
29957,the-millenium-trilogy
29961,the-missing
29967,the-morganville-vampires
29969,the-mortal-instruments
29981,the-notebook
29986,the-one
30000,the-outsiders
30035,the-princess-diaries
30047,the-raven-cycle
30090,the-secret
30093,the-secrets-of-the-immortal-nichola
30094,the-selection
30095,the-selection-series
30098,the-shack
30109,the-south
30146,the-tudors
30162,the-vampire-chronicles
30163,the-vampire-diaries
30173,the-walking-dead
30185,the-wheel-of-time
30193,the-witcher
30198,the-wolves-of-mercy-falls
30203,thea-harrison
30205,theater
30208,theatre
30241,theology
30258,theory
30281,thieves
30293,thinking
30299,thirst
30304,this-man
30311,thomas-cromwell
30314,thomas-hardy
30315,thomas-harris
30339,thought-provoking
30342,thoughtless
30358,thriller
30368,thriller-horror
30373,thriller-mystery
30381,thriller-suspense
30386,thrillers
30393,throne-of-glass
30394,throne-of-glass-series
30403,thursday-next
30406,théatre
30408,théâtre
30427,tijan
30428,tillie-cole
30437,tim-lahaye
30444,time
30445,time-100
30455,time-management
30464,time-travel
30465,time-travel-romance
30480,tina-fey
30481,tina-reber
30483,tintin
30487,titanic
30499,tmi
30516,to-be-released
30521,to-buy
30573,to-re-read
30574,to-read
30590,to-read-again
30635,to-read-classics
30667,to-read-fantasy
30672,to-read-fiction
30693,to-read-history
30755,to-read-non-fiction
30756,to-read-nonfiction
30852,to-read-ya
30860,to-reread
30909,tolkien
30919,tolstoy
30924,tom-clancy
30951,toni-aleo
30952,toni-morrison
30959,tony-hillerman
30976,top-100
31014,tortall
31016,tortured-hero
31075,tracy-chevalier
31093,traditional-literature
31103,tragedy
31116,trans
31124,transgender
31125,transgressive
31126,transgressive-fiction
31133,translated
31140,translation
31155,travel
31156,travel-adventure
31186,travel-writing
31190,travelogue
31230,trilogies
31232,trilogy
31242,trolls
31248,trudi-canavan
31253,true-blood
31254,true-crime
31264,true-stories
31265,true-story
31273,truman-capote
31283,trylle
31285,trylle-trilogy
31304,tudor
31308,tudor-england
31315,tudors
31324,turkey
31325,turkish
31331,turkish-literature
31355,twain
31359,tween
31372,twilight
31376,twilight-saga
31378,twilight-series
31382,twins
31401,typography
31417,uf
31421,uglies
31422,uglies-series
31425,ugly-cry
31430,uk
31436,ukraine
31451,umberto-eco
31460,unbroken
31472,undead
31473,undead-series
31484,under-the-never-sky
31501,unearthly
31505,unfinished
31509,unfinished-series
31511,unfortunate-events
31514,uni
31521,unicorns
31528,united-states
31535,university
31576,unreliable-narrator
31589,unwind
31614,urban
31617,urban-fantasy
31620,urban-fiction
31635,ursula-k-le-guin
31647,us-history
31653,us-presidents
31656,usa
31657,usability
31659,user-experience
31667,utopia
31668,utopia-dystopia
31678,ux
31680,ux-design
31689,v-c-andrews
31701,vaginal-fantasy
31706,val-mcdermid
31708,valdemar
31713,valkyrie
31719,vamp
31723,vampire
31724,vampire-academy
31726,vampire-academy-series
31727,vampire-books
31728,vampire-chronicles
31729,vampire-diaries
31732,vampire-fiction
31734,vampire-kisses
31736,vampire-knight
31741,vampire-romance
31745,vampires
31749,vampires-werewolves
31756,vamps
31783,vc-andrews
31790,vegan
31797,veganism
31800,vegetarian
31804,vegetarianism
31810,venice
31824,veronica-roth
31825,verse
31830,vertigo
31854,victor-hugo
31856,victoria-aveyard
31859,victorian
31876,video-games
31883,vietnam
31885,vietnam-war
31894,vikings
31901,vince-flynn
31917,violence
31925,virals
31928,virgil-flowers
31930,virgin
31932,virgin-hero
31934,virgin-heroine
31940,virginia-woolf
31944,virtual-reality
31969,vladimir-nabokov
31982,voltaire
31984,vonnegut
31987,vorkosigan
32017,wait-for-you
32038,wales
32045,walking-dead
32057,wally-lamb
32077,wanderlust
32080,want
32088,want-to-buy
32095,want-to-own
32099,want-to-read
32130,war
32148,war-of-the-roses
32159,ward
32160,ward-j-r
32165,warfare
32166,warhammer
32169,warhammer-40k
32186,warrior-cats
32188,warriors
32194,warriors-series
32206,washington
32207,washington-d-c
32215,waste-of-time
32231,watersong
32234,wattpad
32262,wealth
32267,weather
32269,web
32274,web-design
32302,weird
32303,weird-fiction
32333,wendy-mass
32339,weres
32341,werewolf
32345,werewolves
32353,western
32366,westerns
32401,wheel-of-time
32439,wicca
32446,wicked
32448,wicked-lovely
32450,wicked-lovers
32469,wilbur-smith
32477,wilderness
32489,wilkie-collins
32503,will-robie
32506,will-trent
32514,william-goldman
32522,william-shakespeare
32539,wimpy-kid
32551,wings
32566,winter
32581,wisconsin
32586,wish-list
32609,witch
32610,witch-and-wizard
32617,witchcraft
32620,witcher
32623,witches
32626,witches-and-wizards
32631,witches-wizards
32639,with-me-in-seattle
32651,wizard
32652,wizard-of-oz
32654,wizards
32662,wlw
32667,wodehouse
32676,wolves
32677,wolves-of-mercy-falls
32686,women
32688,women-authors
32702,women-of-the-otherworld
32708,women-s-fiction
32716,women-s-murder-club
32719,women-s-rights
32724,women-writers
32726,womens-fiction
32732,womens-murder-club
32739,wonder
32740,wonder-woman
32743,wonderland
32753,woolf
32758,wordless
32760,wordless-books
32762,wordless-picture-books
32766,work
32796,world-history
32798,world-lit
32799,world-literature
32806,world-war-1
32808,world-war-2
32811,world-war-i
32812,world-war-ii
32820,world-war-ll
32821,world-war-one
32846,wot
32865,writing
32870,writing-books
32872,writing-craft
32884,writing-reference
32894,wtf
32904,ww-ii
32905,ww1
32906,ww2
32914,wwi
32917,wwii
32946,x-men
32956,xanth
32973,y-a
32982,y-the-last-man
32989,ya
32996,ya-books
33004,ya-contemporary
33006,ya-dystopia
33007,ya-dystopian
33009,ya-fantasy
33012,ya-fiction
33017,ya-historical
33018,ya-historical-fiction
33023,ya-lit
33028,ya-literature
33032,ya-na
33034,ya-novels
33035,ya-paranormal
33044,ya-realistic-fiction
33045,ya-romance
33046,ya-sci-fi
33049,ya-series
33086,yemen
33095,yoga
33113,young
33114,young-adult
33116,young-adult-books
33121,young-adult-fantasy
33124,young-adult-fiction
33125,young-adult-lit
33127,young-adult-literature
33133,young-adult-romance
33138,young-adults
33150,young-readers
33153,youngadult
33165,youth
33175,youtuber-books
33176,youtubers
33226,zane
33244,zen
33251,zimbabwe
33262,zombie
33268,zombies
33272,zoo
33303,Àudiobooks
33304,Ágatha-christie
33307,Évolution
33311,Ýa-fiction
33312,áfrica
33318,índia
33325,šport
33394,أدب-السجون
33664,جبران-خليل-جبران
33760,رمان
33777,روايات
33848,سياسة
33966,فلسفة
33968,فلسفه
34173,نجيب-محفوظ
34235,ℱａｖｏｒｉｔｅｓ
34247,Ｃhildrens
34248,Ｆａｖｏｒｉｔｅｓ
34249,Ｍａｎｇａ
34251,ｆａｖｏｕｒｉｔｅｓ
